bundle,type,place,date
ru.alfabank.mobile.android,finance|apps_topselling_free,7,2020-11-16 12:28:30.073875
ru.alfabank.mobile.android,finance|apps_topgrossing,0,2020-11-16 12:28:31.197149
ru.alfabank.mobile.android,finance|apps_movers_shakers,0,2020-11-16 12:28:32.614956
ru.alfabank.mobile.android,finance|apps_topselling_paid,0,2020-11-16 12:28:32.996245
ru.alfabank.mobile.android,finance|apps_topselling_free,7,2020-11-16 12:29:06.509008
ru.alfabank.mobile.android,finance|apps_topgrossing,0,2020-11-16 12:29:07.606389
ru.alfabank.mobile.android,finance|apps_movers_shakers,0,2020-11-16 12:29:08.935559
ru.alfabank.mobile.android,finance|apps_topselling_paid,0,2020-11-16 12:29:09.306193
ru.alfabank.mobile.android,finance|apps_topselling_free,7,2020-11-17 12:29:16.969259
ru.alfabank.mobile.android,finance|apps_topgrossing,0,2020-11-17 12:29:18.190636
ru.alfabank.mobile.android,finance|apps_movers_shakers,0,2020-11-17 12:29:19.269988
ru.alfabank.mobile.android,finance|apps_topselling_paid,0,2020-11-17 12:29:19.628988
ru.alfabank.mobile.android,finance|apps_topselling_free,7,2020-11-18 12:29:32.016338
ru.alfabank.mobile.android,finance|apps_topgrossing,0,2020-11-18 12:29:33.31094
ru.alfabank.mobile.android,finance|apps_movers_shakers,0,2020-11-18 12:29:34.423039
ru.alfabank.mobile.android,finance|apps_topselling_paid,0,2020-11-18 12:29:34.810442
ru.alfabank.mobile.android,finance|apps_topselling_free,7,2020-11-19 12:29:47.940463
ru.alfabank.mobile.android,finance|apps_topgrossing,0,2020-11-19 12:29:49.10015
ru.alfabank.mobile.android,finance|apps_movers_shakers,0,2020-11-19 12:29:50.142531
ru.alfabank.mobile.android,finance|apps_topselling_paid,0,2020-11-19 12:29:50.506158
ru.alfabank.mobile.android,finance|apps_topselling_free,6,2020-11-20 12:29:57.99183
ru.alfabank.mobile.android,finance|apps_topgrossing,0,2020-11-20 12:29:59.357
ru.alfabank.mobile.android,finance|apps_movers_shakers,17,2020-11-20 12:30:00.952664
ru.alfabank.mobile.android,finance|apps_topselling_paid,0,2020-11-20 12:30:01.323812
ru.alfabank.mobile.android,finance|apps_topselling_free,6,2020-11-21 12:30:12.284127
ru.alfabank.mobile.android,finance|apps_topgrossing,0,2020-11-21 12:30:13.594266
ru.alfabank.mobile.android,finance|apps_movers_shakers,26,2020-11-21 12:30:15.332977
ru.alfabank.mobile.android,finance|apps_topselling_paid,0,2020-11-21 12:30:15.766897
ru.alfabank.mobile.android,finance|apps_topselling_free,6,2020-11-22 12:30:30.719228
ru.alfabank.mobile.android,finance|apps_topgrossing,0,2020-11-22 12:30:31.948758
ru.alfabank.mobile.android,finance|apps_movers_shakers,23,2020-11-22 12:30:33.398667
ru.alfabank.mobile.android,finance|apps_topselling_paid,0,2020-11-22 12:30:33.783547
ru.alfabank.mobile.android,finance|apps_topselling_free,7,2020-11-23 12:30:44.180963
ru.alfabank.mobile.android,finance|apps_topgrossing,0,2020-11-23 12:30:49.439804
ru.alfabank.mobile.android,finance|apps_movers_shakers,20,2020-11-23 12:30:51.096376
ru.alfabank.mobile.android,finance|apps_topselling_paid,0,2020-11-23 12:30:51.469122
ru.alfabank.mobile.android,finance|apps_topselling_free,7,2020-11-24 12:31:03.072848
ru.alfabank.mobile.android,finance|apps_topgrossing,0,2020-11-24 12:31:04.265931
ru.alfabank.mobile.android,finance|apps_movers_shakers,3,2020-11-24 12:31:05.529903
ru.alfabank.mobile.android,finance|apps_topselling_paid,0,2020-11-24 12:31:05.871655
ru.alfabank.mobile.android,finance|apps_topselling_free,7,2020-11-25 12:31:13.734742
ru.alfabank.mobile.android,finance|apps_topgrossing,0,2020-11-25 12:31:14.927402
ru.alfabank.mobile.android,finance|apps_movers_shakers,9,2020-11-25 12:31:16.524571
ru.alfabank.mobile.android,finance|apps_topselling_paid,0,2020-11-25 12:31:17.016138
ru.alfabank.mobile.android,finance|apps_topselling_free,6,2020-11-26 12:31:25.776462
ru.alfabank.mobile.android,finance|apps_topgrossing,0,2020-11-26 12:31:31.178408
ru.alfabank.mobile.android,finance|apps_movers_shakers,20,2020-11-26 12:31:32.703865
ru.alfabank.mobile.android,finance|apps_topselling_paid,0,2020-11-26 12:31:33.074319
ru.alfabank.mobile.android,finance|apps_topselling_free,7,2020-11-27 12:31:40.547868
ru.alfabank.mobile.android,finance|apps_topgrossing,0,2020-11-27 12:31:45.52959
ru.alfabank.mobile.android,finance|apps_movers_shakers,7,2020-11-27 12:31:47.132635
ru.alfabank.mobile.android,finance|apps_topselling_paid,0,2020-11-27 12:31:47.489136
ru.alfabank.mobile.android,finance|apps_topselling_free,7,2020-11-28 12:31:54.49667
ru.alfabank.mobile.android,finance|apps_topgrossing,0,2020-11-28 12:31:55.745538
ru.alfabank.mobile.android,finance|apps_movers_shakers,26,2020-11-28 12:31:57.259401
ru.alfabank.mobile.android,finance|apps_topselling_paid,0,2020-11-28 12:31:57.655156
ru.alfabank.mobile.android,finance|apps_topselling_free,7,2020-11-29 12:32:08.693332
ru.alfabank.mobile.android,finance|apps_topgrossing,0,2020-11-29 12:32:09.876507
ru.alfabank.mobile.android,finance|apps_movers_shakers,32,2020-11-29 12:32:11.28688
ru.alfabank.mobile.android,finance|apps_topselling_paid,0,2020-11-29 12:32:11.681981
com.lingualeo.android,education|apps_topselling_free,48,2020-11-30 09:56:21.420314
com.lingualeo.android,education|apps_topgrossing,2,2020-11-30 09:56:25.459032
com.lingualeo.android,education|apps_movers_shakers,0,2020-11-30 09:56:27.187719
com.lingualeo.android,education|apps_topselling_paid,0,2020-11-30 09:56:28.242478
me.mycake,education|apps_topselling_free,4,2020-11-30 10:15:45.901024
com.duolingo,education|apps_topselling_free,7,2020-11-30 10:15:46.156326
com.busuu.android.enc,education|apps_topselling_free,37,2020-11-30 10:15:46.271994
com.memrise.android.memrisecompanion,education|apps_topselling_free,214,2020-11-30 10:15:49.663333
com.busuu.android.enc,education|apps_topgrossing,10,2020-11-30 10:15:49.77374
me.mycake,education|apps_topgrossing,0,2020-11-30 10:15:50.225177
com.duolingo,education|apps_topgrossing,6,2020-11-30 10:15:50.522572
com.busuu.android.enc,education|apps_movers_shakers,0,2020-11-30 10:15:51.448813
me.mycake,education|apps_movers_shakers,0,2020-11-30 10:15:51.854506
com.duolingo,education|apps_movers_shakers,0,2020-11-30 10:15:52.230311
com.busuu.android.enc,education|apps_topselling_paid,0,2020-11-30 10:15:52.503591
me.mycake,education|apps_topselling_paid,0,2020-11-30 10:15:52.837584
com.duolingo,education|apps_topselling_paid,0,2020-11-30 10:15:53.166192
com.memrise.android.memrisecompanion,education|apps_topgrossing,13,2020-11-30 10:15:53.273698
com.memrise.android.memrisecompanion,education|apps_movers_shakers,0,2020-11-30 10:15:54.97534
com.memrise.android.memrisecompanion,education|apps_topselling_paid,0,2020-11-30 10:15:55.966882
air.com.rosettastone.mobile.CoursePlayer,education|apps_topselling_free,236,2020-11-30 10:20:00.049396
com.quizlet.quizletandroid,education|apps_topselling_free,49,2020-11-30 10:20:00.261918
com.atistudios.mondly.languages,education|apps_topselling_free,325,2020-11-30 10:20:00.453182
com.wlingua.curso,education|apps_topselling_free,0,2020-11-30 10:20:01.355557
com.ewa.ewaapp,education|apps_topselling_free,23,2020-11-30 10:20:01.695043
air.com.rosettastone.mobile.CoursePlayer,education|apps_topgrossing,19,2020-11-30 10:20:03.577781
com.quizlet.quizletandroid,education|apps_topgrossing,26,2020-11-30 10:20:03.657156
com.atistudios.mondly.languages,education|apps_topgrossing,24,2020-11-30 10:20:03.944807
com.wlingua.curso,education|apps_topgrossing,0,2020-11-30 10:20:04.78416
com.ewa.ewaapp,education|apps_topgrossing,5,2020-11-30 10:20:05.002195
air.com.rosettastone.mobile.CoursePlayer,education|apps_movers_shakers,0,2020-11-30 10:20:05.157219
com.quizlet.quizletandroid,education|apps_movers_shakers,0,2020-11-30 10:20:05.207892
com.atistudios.mondly.languages,education|apps_movers_shakers,0,2020-11-30 10:20:05.619431
air.com.rosettastone.mobile.CoursePlayer,education|apps_topselling_paid,0,2020-11-30 10:20:06.092241
com.quizlet.quizletandroid,education|apps_topselling_paid,0,2020-11-30 10:20:06.194041
com.wlingua.curso,education|apps_movers_shakers,0,2020-11-30 10:20:06.322373
com.atistudios.mondly.languages,education|apps_topselling_paid,0,2020-11-30 10:20:06.519759
com.ewa.ewaapp,education|apps_movers_shakers,0,2020-11-30 10:20:06.577171
com.wlingua.curso,education|apps_topselling_paid,0,2020-11-30 10:20:07.223917
com.ewa.ewaapp,education|apps_topselling_paid,0,2020-11-30 10:20:07.429368
air.com.rosettastone.mobile.CoursePlayer,education|apps_topselling_free,223,2020-12-01 06:51:13.348508
air.com.rosettastone.mobile.CoursePlayer,education|apps_topgrossing,21,2020-12-01 06:51:16.729145
air.com.rosettastone.mobile.CoursePlayer,education|apps_movers_shakers,0,2020-12-01 06:51:18.183498
air.com.rosettastone.mobile.CoursePlayer,education|apps_topselling_paid,0,2020-12-01 06:51:19.064701
com.ewa.ewaapp,education|apps_topselling_free,19,2020-12-01 06:54:48.353649
com.ewa.ewaapp,education|apps_topgrossing,4,2020-12-01 06:54:53.025027
com.ewa.ewaapp,education|apps_movers_shakers,0,2020-12-01 06:54:55.20266
com.ewa.ewaapp,education|apps_topselling_paid,0,2020-12-01 06:54:56.349419
com.atistudios.mondly.languages,education|apps_topselling_free,303,2020-12-01 06:57:51.812696
com.atistudios.mondly.languages,education|apps_topgrossing,25,2020-12-01 06:57:55.208381
com.atistudios.mondly.languages,education|apps_movers_shakers,0,2020-12-01 06:57:56.609075
com.atistudios.mondly.languages,education|apps_topselling_paid,0,2020-12-01 06:57:57.457957
com.wlingua.curso,education|apps_topselling_free,0,2020-12-01 07:00:53.979188
com.wlingua.curso,education|apps_topgrossing,0,2020-12-01 07:00:57.32911
com.wlingua.curso,education|apps_movers_shakers,0,2020-12-01 07:00:58.75015
com.wlingua.curso,education|apps_topselling_paid,0,2020-12-01 07:00:59.605305
com.quizlet.quizletandroid,education|apps_topselling_free,48,2020-12-01 07:03:54.349742
com.quizlet.quizletandroid,education|apps_topgrossing,29,2020-12-01 07:03:57.880219
com.quizlet.quizletandroid,education|apps_movers_shakers,0,2020-12-01 07:03:59.278023
com.quizlet.quizletandroid,education|apps_topselling_paid,0,2020-12-01 07:04:00.129006
com.memrise.android.memrisecompanion,education|apps_topselling_free,185,2020-12-01 07:06:54.233707
com.memrise.android.memrisecompanion,education|apps_topgrossing,11,2020-12-01 07:06:57.546526
com.memrise.android.memrisecompanion,education|apps_movers_shakers,0,2020-12-01 07:06:58.966823
com.memrise.android.memrisecompanion,education|apps_topselling_paid,0,2020-12-01 07:06:59.789569
com.busuu.android.enc,education|apps_topselling_free,40,2020-12-01 07:09:54.178934
com.busuu.android.enc,education|apps_topgrossing,9,2020-12-01 07:09:57.444683
com.busuu.android.enc,education|apps_movers_shakers,0,2020-12-01 07:09:58.864078
com.busuu.android.enc,education|apps_topselling_paid,0,2020-12-01 07:09:59.723395
com.duolingo,education|apps_topselling_free,7,2020-12-01 07:18:30.797155
com.duolingo,education|apps_topgrossing,6,2020-12-01 07:18:34.394478
com.duolingo,education|apps_movers_shakers,0,2020-12-01 07:18:35.829554
com.duolingo,education|apps_topselling_paid,0,2020-12-01 07:18:36.737059
me.mycake,education|apps_topselling_free,4,2020-12-01 07:21:29.162927
me.mycake,education|apps_topgrossing,0,2020-12-01 07:21:32.806857
me.mycake,education|apps_movers_shakers,0,2020-12-01 07:21:34.23922
me.mycake,education|apps_topselling_paid,0,2020-12-01 07:21:35.115507
com.lingualeo.android,education|apps_topselling_free,46,2020-12-01 07:24:20.077555
com.lingualeo.android,education|apps_topgrossing,2,2020-12-01 07:24:23.88885
com.lingualeo.android,education|apps_movers_shakers,0,2020-12-01 07:24:25.285167
com.lingualeo.android,education|apps_topselling_paid,0,2020-12-01 07:24:26.111687
air.com.rosettastone.mobile.CoursePlayer,education|apps_topselling_free,226,2020-12-02 06:54:05.713773
air.com.rosettastone.mobile.CoursePlayer,education|apps_topgrossing,23,2020-12-02 06:54:09.505409
air.com.rosettastone.mobile.CoursePlayer,education|apps_movers_shakers,0,2020-12-02 06:54:11.738001
air.com.rosettastone.mobile.CoursePlayer,education|apps_topselling_paid,0,2020-12-02 06:54:12.777815
com.ewa.ewaapp,education|apps_topselling_free,18,2020-12-02 06:57:35.33261
com.ewa.ewaapp,education|apps_topgrossing,4,2020-12-02 06:57:39.088486
com.ewa.ewaapp,education|apps_movers_shakers,2,2020-12-02 06:57:41.206838
com.ewa.ewaapp,education|apps_topselling_paid,0,2020-12-02 06:57:42.21384
com.atistudios.mondly.languages,education|apps_topselling_free,317,2020-12-02 07:00:39.444441
com.atistudios.mondly.languages,education|apps_topgrossing,26,2020-12-02 07:00:43.397667
com.atistudios.mondly.languages,education|apps_movers_shakers,0,2020-12-02 07:00:45.49773
com.atistudios.mondly.languages,education|apps_topselling_paid,0,2020-12-02 07:00:46.522193
com.wlingua.curso,education|apps_topselling_free,0,2020-12-02 07:03:33.072406
com.wlingua.curso,education|apps_topgrossing,0,2020-12-02 07:03:37.493056
com.wlingua.curso,education|apps_movers_shakers,0,2020-12-02 07:03:39.608561
com.wlingua.curso,education|apps_topselling_paid,0,2020-12-02 07:03:40.601912
com.quizlet.quizletandroid,education|apps_topselling_free,45,2020-12-02 07:06:35.804829
com.quizlet.quizletandroid,education|apps_topgrossing,29,2020-12-02 07:06:39.294432
com.quizlet.quizletandroid,education|apps_movers_shakers,0,2020-12-02 07:06:41.361907
com.quizlet.quizletandroid,education|apps_topselling_paid,0,2020-12-02 07:06:42.278184
com.memrise.android.memrisecompanion,education|apps_topselling_free,190,2020-12-02 07:09:34.095979
com.memrise.android.memrisecompanion,education|apps_topgrossing,11,2020-12-02 07:09:37.733736
com.memrise.android.memrisecompanion,education|apps_movers_shakers,0,2020-12-02 07:09:39.881868
com.memrise.android.memrisecompanion,education|apps_topselling_paid,0,2020-12-02 07:09:40.778714
com.busuu.android.enc,education|apps_topselling_free,42,2020-12-02 07:12:34.720474
com.busuu.android.enc,education|apps_topgrossing,9,2020-12-02 07:12:38.943845
com.busuu.android.enc,education|apps_movers_shakers,82,2020-12-02 07:12:41.021196
com.busuu.android.enc,education|apps_topselling_paid,0,2020-12-02 07:12:41.942444
com.duolingo,education|apps_topselling_free,7,2020-12-02 07:21:18.54212
com.duolingo,education|apps_topgrossing,6,2020-12-02 07:21:22.521764
com.duolingo,education|apps_movers_shakers,0,2020-12-02 07:21:24.822157
com.duolingo,education|apps_topselling_paid,0,2020-12-02 07:21:25.793851
me.mycake,education|apps_topselling_free,4,2020-12-02 07:24:06.644384
me.mycake,education|apps_topgrossing,0,2020-12-02 07:24:10.336659
me.mycake,education|apps_movers_shakers,0,2020-12-02 07:24:12.429591
me.mycake,education|apps_topselling_paid,0,2020-12-02 07:24:13.365839
com.lingualeo.android,education|apps_topselling_free,47,2020-12-02 07:27:01.059906
com.lingualeo.android,education|apps_topgrossing,2,2020-12-02 07:27:04.803686
com.lingualeo.android,education|apps_movers_shakers,98,2020-12-02 07:27:06.857844
com.lingualeo.android,education|apps_topselling_paid,0,2020-12-02 07:27:07.810517
air.com.rosettastone.mobile.CoursePlayer,education|apps_topselling_free,223,2020-12-03 06:57:02.308829
air.com.rosettastone.mobile.CoursePlayer,education|apps_topgrossing,23,2020-12-03 06:57:05.824901
air.com.rosettastone.mobile.CoursePlayer,education|apps_movers_shakers,0,2020-12-03 06:57:08.161289
air.com.rosettastone.mobile.CoursePlayer,education|apps_topselling_paid,0,2020-12-03 06:57:09.219646
com.ewa.ewaapp,education|apps_topselling_free,14,2020-12-03 07:00:22.069129
com.ewa.ewaapp,education|apps_topgrossing,3,2020-12-03 07:00:25.848934
com.ewa.ewaapp,education|apps_movers_shakers,3,2020-12-03 07:00:28.11445
com.ewa.ewaapp,education|apps_topselling_paid,0,2020-12-03 07:00:29.214282
com.atistudios.mondly.languages,education|apps_topselling_free,315,2020-12-03 07:03:31.215604
com.atistudios.mondly.languages,education|apps_topgrossing,26,2020-12-03 07:03:34.591386
com.atistudios.mondly.languages,education|apps_movers_shakers,0,2020-12-03 07:03:36.711308
com.atistudios.mondly.languages,education|apps_topselling_paid,0,2020-12-03 07:03:37.688053
com.wlingua.curso,education|apps_topselling_free,0,2020-12-03 07:06:21.360108
com.wlingua.curso,education|apps_topgrossing,0,2020-12-03 07:06:24.996872
com.wlingua.curso,education|apps_movers_shakers,0,2020-12-03 07:06:27.300355
com.wlingua.curso,education|apps_topselling_paid,0,2020-12-03 07:06:28.350903
com.quizlet.quizletandroid,education|apps_topselling_free,42,2020-12-03 07:09:21.31196
com.quizlet.quizletandroid,education|apps_topgrossing,29,2020-12-03 07:09:24.948351
com.quizlet.quizletandroid,education|apps_movers_shakers,0,2020-12-03 07:09:27.103999
com.quizlet.quizletandroid,education|apps_topselling_paid,0,2020-12-03 07:09:28.114766
com.memrise.android.memrisecompanion,education|apps_topselling_free,205,2020-12-03 07:12:17.97068
com.memrise.android.memrisecompanion,education|apps_topgrossing,10,2020-12-03 07:12:21.688371
com.memrise.android.memrisecompanion,education|apps_movers_shakers,0,2020-12-03 07:12:24.080048
com.memrise.android.memrisecompanion,education|apps_topselling_paid,0,2020-12-03 07:12:24.985901
com.busuu.android.enc,education|apps_topselling_free,46,2020-12-03 07:15:22.560702
com.busuu.android.enc,education|apps_topgrossing,9,2020-12-03 07:15:26.445532
com.busuu.android.enc,education|apps_movers_shakers,90,2020-12-03 07:15:28.762738
com.busuu.android.enc,education|apps_topselling_paid,0,2020-12-03 07:15:29.734237
com.duolingo,education|apps_topselling_free,8,2020-12-03 07:24:11.06942
com.duolingo,education|apps_topgrossing,6,2020-12-03 07:24:14.924541
com.duolingo,education|apps_movers_shakers,0,2020-12-03 07:24:17.127489
com.duolingo,education|apps_topselling_paid,0,2020-12-03 07:24:18.17742
me.mycake,education|apps_topselling_free,6,2020-12-03 07:26:49.74108
me.mycake,education|apps_topgrossing,0,2020-12-03 07:26:53.194836
me.mycake,education|apps_movers_shakers,23,2020-12-03 07:26:55.333721
me.mycake,education|apps_topselling_paid,0,2020-12-03 07:26:56.324255
com.lingualeo.android,education|apps_topselling_free,47,2020-12-03 07:29:46.748824
com.lingualeo.android,education|apps_topgrossing,2,2020-12-03 07:29:50.120446
com.lingualeo.android,education|apps_movers_shakers,0,2020-12-03 07:29:52.315901
com.lingualeo.android,education|apps_topselling_paid,0,2020-12-03 07:29:53.229406
air.com.rosettastone.mobile.CoursePlayer,education|apps_topselling_free,235,2020-12-04 06:59:58.232928
air.com.rosettastone.mobile.CoursePlayer,education|apps_topgrossing,22,2020-12-04 07:00:01.845832
air.com.rosettastone.mobile.CoursePlayer,education|apps_movers_shakers,0,2020-12-04 07:00:04.202173
air.com.rosettastone.mobile.CoursePlayer,education|apps_topselling_paid,0,2020-12-04 07:00:05.179609
com.ewa.ewaapp,education|apps_topselling_free,9,2020-12-04 07:03:13.098264
com.ewa.ewaapp,education|apps_topgrossing,3,2020-12-04 07:03:16.490903
com.ewa.ewaapp,education|apps_movers_shakers,4,2020-12-04 07:03:18.717725
com.ewa.ewaapp,education|apps_topselling_paid,0,2020-12-04 07:03:19.715348
com.atistudios.mondly.languages,education|apps_topselling_free,316,2020-12-04 07:06:24.294593
com.atistudios.mondly.languages,education|apps_topgrossing,28,2020-12-04 07:06:27.977126
com.atistudios.mondly.languages,education|apps_movers_shakers,0,2020-12-04 07:06:30.298963
com.atistudios.mondly.languages,education|apps_topselling_paid,0,2020-12-04 07:06:31.271663
com.wlingua.curso,education|apps_topselling_free,0,2020-12-04 07:09:16.586434
com.wlingua.curso,education|apps_topgrossing,0,2020-12-04 07:09:20.228393
com.wlingua.curso,education|apps_movers_shakers,0,2020-12-04 07:09:22.42589
com.wlingua.curso,education|apps_topselling_paid,0,2020-12-04 07:09:23.315181
com.quizlet.quizletandroid,education|apps_topselling_free,45,2020-12-04 07:12:16.120684
com.quizlet.quizletandroid,education|apps_topgrossing,32,2020-12-04 07:12:21.361951
com.quizlet.quizletandroid,education|apps_movers_shakers,0,2020-12-04 07:12:23.559392
com.quizlet.quizletandroid,education|apps_topselling_paid,0,2020-12-04 07:12:24.477678
com.memrise.android.memrisecompanion,education|apps_topselling_free,247,2020-12-04 07:15:06.934343
com.memrise.android.memrisecompanion,education|apps_topgrossing,10,2020-12-04 07:15:10.970531
com.memrise.android.memrisecompanion,education|apps_movers_shakers,0,2020-12-04 07:15:13.323418
com.memrise.android.memrisecompanion,education|apps_topselling_paid,0,2020-12-04 07:15:14.290472
com.busuu.android.enc,education|apps_topselling_free,61,2020-12-04 07:18:10.249203
com.busuu.android.enc,education|apps_topgrossing,9,2020-12-04 07:18:13.812613
com.busuu.android.enc,education|apps_movers_shakers,0,2020-12-04 07:18:16.02321
com.busuu.android.enc,education|apps_topselling_paid,0,2020-12-04 07:18:17.03836
com.duolingo,education|apps_topselling_free,12,2020-12-04 07:27:07.90427
com.duolingo,education|apps_topgrossing,6,2020-12-04 07:27:11.445924
com.duolingo,education|apps_movers_shakers,0,2020-12-04 07:27:13.574115
com.duolingo,education|apps_topselling_paid,0,2020-12-04 07:27:14.586723
me.mycake,education|apps_topselling_free,6,2020-12-04 07:29:39.382673
me.mycake,education|apps_topgrossing,0,2020-12-04 07:29:42.853966
me.mycake,education|apps_movers_shakers,16,2020-12-04 07:29:45.02165
me.mycake,education|apps_topselling_paid,0,2020-12-04 07:29:46.005128
com.lingualeo.android,education|apps_topselling_free,49,2020-12-04 07:32:28.409022
com.lingualeo.android,education|apps_topgrossing,1,2020-12-04 07:32:32.144422
com.lingualeo.android,education|apps_movers_shakers,125,2020-12-04 07:32:34.533084
com.lingualeo.android,education|apps_topselling_paid,0,2020-12-04 07:32:35.492962
air.com.rosettastone.mobile.CoursePlayer,education|apps_topselling_free,224,2020-12-05 07:02:53.716329
air.com.rosettastone.mobile.CoursePlayer,education|apps_topgrossing,22,2020-12-05 07:02:58.129023
air.com.rosettastone.mobile.CoursePlayer,education|apps_movers_shakers,244,2020-12-05 07:03:00.465375
air.com.rosettastone.mobile.CoursePlayer,education|apps_topselling_paid,0,2020-12-05 07:03:01.532
com.ewa.ewaapp,education|apps_topselling_free,8,2020-12-05 07:06:08.520927
com.ewa.ewaapp,education|apps_topgrossing,3,2020-12-05 07:06:11.808465
com.ewa.ewaapp,education|apps_movers_shakers,2,2020-12-05 07:06:13.824288
com.ewa.ewaapp,education|apps_topselling_paid,0,2020-12-05 07:06:14.84042
com.atistudios.mondly.languages,education|apps_topselling_free,314,2020-12-05 07:09:14.264418
com.atistudios.mondly.languages,education|apps_topgrossing,28,2020-12-05 07:09:17.803408
com.atistudios.mondly.languages,education|apps_movers_shakers,0,2020-12-05 07:09:19.940731
com.atistudios.mondly.languages,education|apps_topselling_paid,0,2020-12-05 07:09:20.928196
com.wlingua.curso,education|apps_topselling_free,0,2020-12-05 07:12:08.015567
com.wlingua.curso,education|apps_topgrossing,0,2020-12-05 07:12:11.578834
com.wlingua.curso,education|apps_movers_shakers,0,2020-12-05 07:12:13.6811
com.wlingua.curso,education|apps_topselling_paid,0,2020-12-05 07:12:14.597722
com.quizlet.quizletandroid,education|apps_topselling_free,47,2020-12-05 07:15:10.310101
com.quizlet.quizletandroid,education|apps_topgrossing,33,2020-12-05 07:15:13.641227
com.quizlet.quizletandroid,education|apps_movers_shakers,0,2020-12-05 07:15:15.791111
com.quizlet.quizletandroid,education|apps_topselling_paid,0,2020-12-05 07:15:16.716917
com.memrise.android.memrisecompanion,education|apps_topselling_free,252,2020-12-05 07:17:57.742129
com.memrise.android.memrisecompanion,education|apps_topgrossing,10,2020-12-05 07:18:01.569905
com.memrise.android.memrisecompanion,education|apps_movers_shakers,0,2020-12-05 07:18:03.716635
com.memrise.android.memrisecompanion,education|apps_topselling_paid,0,2020-12-05 07:18:04.714025
com.busuu.android.enc,education|apps_topselling_free,66,2020-12-05 07:21:00.298807
com.busuu.android.enc,education|apps_topgrossing,9,2020-12-05 07:21:03.57374
com.busuu.android.enc,education|apps_movers_shakers,0,2020-12-05 07:21:05.762334
com.busuu.android.enc,education|apps_topselling_paid,0,2020-12-05 07:21:06.630068
com.duolingo,education|apps_topselling_free,12,2020-12-05 07:29:52.674769
com.duolingo,education|apps_topgrossing,5,2020-12-05 07:29:56.360896
com.duolingo,education|apps_movers_shakers,0,2020-12-05 07:29:58.436605
com.duolingo,education|apps_topselling_paid,0,2020-12-05 07:29:59.348096
me.mycake,education|apps_topselling_free,6,2020-12-05 07:32:17.545653
me.mycake,education|apps_topgrossing,0,2020-12-05 07:32:20.941901
me.mycake,education|apps_movers_shakers,23,2020-12-05 07:32:23.065049
me.mycake,education|apps_topselling_paid,0,2020-12-05 07:32:23.999403
com.lingualeo.android,education|apps_topselling_free,44,2020-12-05 07:35:08.791163
com.lingualeo.android,education|apps_topgrossing,1,2020-12-05 07:35:12.369984
com.lingualeo.android,education|apps_movers_shakers,4,2020-12-05 07:35:14.348932
com.lingualeo.android,education|apps_topselling_paid,0,2020-12-05 07:35:15.317294
air.com.rosettastone.mobile.CoursePlayer,education|apps_topselling_free,211,2020-12-06 07:06:00.337834
air.com.rosettastone.mobile.CoursePlayer,education|apps_topgrossing,22,2020-12-06 07:06:03.827566
air.com.rosettastone.mobile.CoursePlayer,education|apps_movers_shakers,0,2020-12-06 07:06:05.672884
air.com.rosettastone.mobile.CoursePlayer,education|apps_topselling_paid,0,2020-12-06 07:06:06.600696
com.ewa.ewaapp,education|apps_topselling_free,8,2020-12-06 07:08:57.384997
com.ewa.ewaapp,education|apps_topgrossing,2,2020-12-06 07:09:00.866561
com.ewa.ewaapp,education|apps_movers_shakers,0,2020-12-06 07:09:02.497343
com.ewa.ewaapp,education|apps_topselling_paid,0,2020-12-06 07:09:03.380569
com.atistudios.mondly.languages,education|apps_topselling_free,342,2020-12-06 07:12:01.157767
com.atistudios.mondly.languages,education|apps_topgrossing,26,2020-12-06 07:12:04.928904
com.atistudios.mondly.languages,education|apps_movers_shakers,0,2020-12-06 07:12:06.60019
com.atistudios.mondly.languages,education|apps_topselling_paid,0,2020-12-06 07:12:07.532096
com.wlingua.curso,education|apps_topselling_free,0,2020-12-06 07:14:52.767964
com.wlingua.curso,education|apps_topgrossing,0,2020-12-06 07:14:56.280516
com.wlingua.curso,education|apps_movers_shakers,0,2020-12-06 07:14:57.987892
com.wlingua.curso,education|apps_topselling_paid,0,2020-12-06 07:14:58.882127
com.quizlet.quizletandroid,education|apps_topselling_free,56,2020-12-06 07:17:54.061955
com.quizlet.quizletandroid,education|apps_topgrossing,28,2020-12-06 07:17:57.340702
com.quizlet.quizletandroid,education|apps_movers_shakers,0,2020-12-06 07:17:58.93038
com.quizlet.quizletandroid,education|apps_topselling_paid,0,2020-12-06 07:17:59.978112
com.memrise.android.memrisecompanion,education|apps_topselling_free,257,2020-12-06 07:20:44.212256
com.memrise.android.memrisecompanion,education|apps_topgrossing,9,2020-12-06 07:20:47.492712
com.memrise.android.memrisecompanion,education|apps_movers_shakers,0,2020-12-06 07:20:49.219333
com.memrise.android.memrisecompanion,education|apps_topselling_paid,0,2020-12-06 07:20:50.242447
com.busuu.android.enc,education|apps_topselling_free,70,2020-12-06 07:23:40.797456
com.busuu.android.enc,education|apps_topgrossing,8,2020-12-06 07:23:44.21217
com.busuu.android.enc,education|apps_movers_shakers,0,2020-12-06 07:23:45.799768
com.busuu.android.enc,education|apps_topselling_paid,0,2020-12-06 07:23:46.849295
com.duolingo,education|apps_topselling_free,10,2020-12-06 07:32:47.86924
com.duolingo,education|apps_topgrossing,4,2020-12-06 07:32:51.965873
com.duolingo,education|apps_movers_shakers,0,2020-12-06 07:32:53.560325
com.duolingo,education|apps_topselling_paid,0,2020-12-06 07:32:54.386359
me.mycake,education|apps_topselling_free,6,2020-12-06 07:35:00.608992
me.mycake,education|apps_topgrossing,0,2020-12-06 07:35:03.901128
me.mycake,education|apps_movers_shakers,0,2020-12-06 07:35:05.455196
me.mycake,education|apps_topselling_paid,0,2020-12-06 07:35:06.406319
com.lingualeo.android,education|apps_topselling_free,39,2020-12-06 07:37:54.485012
com.lingualeo.android,education|apps_topgrossing,5,2020-12-06 07:37:57.861149
com.lingualeo.android,education|apps_movers_shakers,11,2020-12-06 07:37:59.487321
com.lingualeo.android,education|apps_topselling_paid,0,2020-12-06 07:38:00.457273
air.com.rosettastone.mobile.CoursePlayer,education|apps_topselling_free,202,2020-12-07 07:08:43.236862
air.com.rosettastone.mobile.CoursePlayer,education|apps_topgrossing,22,2020-12-07 07:08:46.649014
air.com.rosettastone.mobile.CoursePlayer,education|apps_movers_shakers,0,2020-12-07 07:08:48.344433
air.com.rosettastone.mobile.CoursePlayer,education|apps_topselling_paid,0,2020-12-07 07:08:49.235988
com.ewa.ewaapp,education|apps_topselling_free,8,2020-12-07 07:11:35.875561
com.ewa.ewaapp,education|apps_topgrossing,2,2020-12-07 07:11:39.257319
com.ewa.ewaapp,education|apps_movers_shakers,0,2020-12-07 07:11:40.802066
com.ewa.ewaapp,education|apps_topselling_paid,0,2020-12-07 07:11:41.787025
com.atistudios.mondly.languages,education|apps_topselling_free,334,2020-12-07 07:14:37.789736
com.atistudios.mondly.languages,education|apps_topgrossing,26,2020-12-07 07:14:41.100794
com.atistudios.mondly.languages,education|apps_movers_shakers,0,2020-12-07 07:14:42.729807
com.atistudios.mondly.languages,education|apps_topselling_paid,0,2020-12-07 07:14:43.670957
com.wlingua.curso,education|apps_topselling_free,0,2020-12-07 07:17:29.587695
com.wlingua.curso,education|apps_topgrossing,0,2020-12-07 07:17:32.836618
com.wlingua.curso,education|apps_movers_shakers,0,2020-12-07 07:17:34.330637
com.wlingua.curso,education|apps_topselling_paid,0,2020-12-07 07:17:35.303767
me.mycake,education|apps_topselling_free,5,2020-12-07 07:37:46.65689
me.mycake,education|apps_topgrossing,0,2020-12-07 07:37:49.977728
me.mycake,education|apps_movers_shakers,30,2020-12-07 07:37:51.511373
me.mycake,education|apps_topselling_paid,0,2020-12-07 07:37:52.415075
com.lingualeo.android,education|apps_topselling_free,32,2020-12-07 07:40:47.23969
com.lingualeo.android,education|apps_topgrossing,5,2020-12-07 07:40:50.548367
com.lingualeo.android,education|apps_movers_shakers,22,2020-12-07 07:40:52.127051
com.lingualeo.android,education|apps_topselling_paid,0,2020-12-07 07:40:53.173862
air.com.rosettastone.mobile.CoursePlayer,education|apps_topselling_free,196,2020-12-08 07:11:37.36341
air.com.rosettastone.mobile.CoursePlayer,education|apps_topgrossing,29,2020-12-08 07:11:41.13764
air.com.rosettastone.mobile.CoursePlayer,education|apps_movers_shakers,0,2020-12-08 07:11:42.412271
air.com.rosettastone.mobile.CoursePlayer,education|apps_topselling_paid,0,2020-12-08 07:11:43.518502
com.ewa.ewaapp,education|apps_topselling_free,6,2020-12-08 07:14:18.633709
com.ewa.ewaapp,education|apps_topgrossing,3,2020-12-08 07:14:22.402611
com.ewa.ewaapp,education|apps_movers_shakers,0,2020-12-08 07:14:23.724239
com.ewa.ewaapp,education|apps_topselling_paid,0,2020-12-08 07:14:24.756535
com.atistudios.mondly.languages,education|apps_topselling_free,335,2020-12-08 07:17:25.879302
com.atistudios.mondly.languages,education|apps_topgrossing,21,2020-12-08 07:17:29.457794
com.atistudios.mondly.languages,education|apps_movers_shakers,0,2020-12-08 07:17:30.979728
com.atistudios.mondly.languages,education|apps_topselling_paid,0,2020-12-08 07:17:32.118091
com.wlingua.curso,education|apps_topselling_free,0,2020-12-08 07:20:09.928356
com.wlingua.curso,education|apps_topgrossing,0,2020-12-08 07:20:13.651171
com.wlingua.curso,education|apps_movers_shakers,0,2020-12-08 07:20:14.923919
com.wlingua.curso,education|apps_topselling_paid,0,2020-12-08 07:20:15.837813
com.quizlet.quizletandroid,education|apps_topselling_free,58,2020-12-07 07:20:31.486623
com.quizlet.quizletandroid,education|apps_topgrossing,28,2020-12-07 07:20:35.444652
com.quizlet.quizletandroid,education|apps_movers_shakers,0,2020-12-07 07:20:37.000721
com.quizlet.quizletandroid,education|apps_topselling_paid,0,2020-12-07 07:20:38.020549
com.quizlet.quizletandroid,education|apps_topselling_free,54,2020-12-08 07:23:15.310381
com.quizlet.quizletandroid,education|apps_topgrossing,20,2020-12-08 07:23:18.864962
com.quizlet.quizletandroid,education|apps_movers_shakers,0,2020-12-08 07:23:20.281447
com.quizlet.quizletandroid,education|apps_topselling_paid,0,2020-12-08 07:23:21.360326
com.memrise.android.memrisecompanion,education|apps_topselling_free,250,2020-12-07 07:23:27.350859
com.memrise.android.memrisecompanion,education|apps_topgrossing,9,2020-12-07 07:23:30.62079
com.memrise.android.memrisecompanion,education|apps_movers_shakers,0,2020-12-07 07:23:32.22102
com.memrise.android.memrisecompanion,education|apps_topselling_paid,0,2020-12-07 07:23:33.107404
com.busuu.android.enc,education|apps_topselling_free,77,2020-12-07 07:26:24.454752
com.busuu.android.enc,education|apps_topgrossing,8,2020-12-07 07:26:28.437387
com.busuu.android.enc,education|apps_movers_shakers,0,2020-12-07 07:26:29.92821
com.busuu.android.enc,education|apps_topselling_paid,0,2020-12-07 07:26:30.890658
com.duolingo,education|apps_topselling_free,9,2020-12-07 07:35:44.419424
com.duolingo,education|apps_topgrossing,4,2020-12-07 07:35:48.373293
com.duolingo,education|apps_movers_shakers,0,2020-12-07 07:35:50.007327
com.duolingo,education|apps_topselling_paid,0,2020-12-07 07:35:50.952008
com.memrise.android.memrisecompanion,education|apps_topselling_free,244,2020-12-08 07:26:05.173406
com.memrise.android.memrisecompanion,education|apps_topgrossing,10,2020-12-08 07:26:08.7425
com.memrise.android.memrisecompanion,education|apps_movers_shakers,0,2020-12-08 07:26:10.029365
com.memrise.android.memrisecompanion,education|apps_topselling_paid,0,2020-12-08 07:26:11.18937
com.busuu.android.enc,education|apps_topselling_free,75,2020-12-08 07:29:05.423245
com.busuu.android.enc,education|apps_topgrossing,8,2020-12-08 07:29:12.399503
com.busuu.android.enc,education|apps_movers_shakers,0,2020-12-08 07:29:13.522354
com.busuu.android.enc,education|apps_topselling_paid,0,2020-12-08 07:29:14.520695
com.duolingo,education|apps_topselling_free,9,2020-12-08 07:38:30.515898
com.duolingo,education|apps_topgrossing,3,2020-12-08 07:38:33.956124
com.duolingo,education|apps_movers_shakers,0,2020-12-08 07:38:35.110601
com.duolingo,education|apps_topselling_paid,0,2020-12-08 07:38:36.12727
me.mycake,education|apps_topselling_free,3,2020-12-08 07:40:27.79538
me.mycake,education|apps_topgrossing,0,2020-12-08 07:40:31.64524
me.mycake,education|apps_movers_shakers,1,2020-12-08 07:40:32.767585
me.mycake,education|apps_topselling_paid,0,2020-12-08 07:40:33.671574
com.lingualeo.android,education|apps_topselling_free,37,2020-12-08 07:43:26.13323
com.lingualeo.android,education|apps_topgrossing,6,2020-12-08 07:43:29.775192
com.lingualeo.android,education|apps_movers_shakers,64,2020-12-08 07:43:30.881214
com.lingualeo.android,education|apps_topselling_paid,0,2020-12-08 07:43:31.92469
air.com.rosettastone.mobile.CoursePlayer,education|apps_topselling_free,195,2020-12-09 07:14:19.699124
air.com.rosettastone.mobile.CoursePlayer,education|apps_topgrossing,24,2020-12-09 07:14:23.387378
air.com.rosettastone.mobile.CoursePlayer,education|apps_movers_shakers,0,2020-12-09 07:14:24.442416
air.com.rosettastone.mobile.CoursePlayer,education|apps_topselling_paid,0,2020-12-09 07:14:25.453216
com.ewa.ewaapp,education|apps_topselling_free,7,2020-12-09 07:16:51.282114
com.ewa.ewaapp,education|apps_topgrossing,4,2020-12-09 07:16:54.368758
com.ewa.ewaapp,education|apps_movers_shakers,7,2020-12-09 07:16:55.495594
com.ewa.ewaapp,education|apps_topselling_paid,0,2020-12-09 07:16:56.35732
com.atistudios.mondly.languages,education|apps_topselling_free,307,2020-12-09 07:20:01.615469
com.atistudios.mondly.languages,education|apps_topgrossing,21,2020-12-09 07:20:05.197137
com.atistudios.mondly.languages,education|apps_movers_shakers,0,2020-12-09 07:20:06.289912
com.atistudios.mondly.languages,education|apps_topselling_paid,0,2020-12-09 07:20:07.269228
com.wlingua.curso,education|apps_topselling_free,0,2020-12-09 07:22:47.025078
com.wlingua.curso,education|apps_topgrossing,0,2020-12-09 07:22:50.485265
com.wlingua.curso,education|apps_movers_shakers,0,2020-12-09 07:22:51.623102
com.wlingua.curso,education|apps_topselling_paid,0,2020-12-09 07:22:52.508001
com.quizlet.quizletandroid,education|apps_topselling_free,49,2020-12-09 07:25:51.555243
com.quizlet.quizletandroid,education|apps_topgrossing,20,2020-12-09 07:25:55.514146
com.quizlet.quizletandroid,education|apps_movers_shakers,0,2020-12-09 07:25:56.631176
com.quizlet.quizletandroid,education|apps_topselling_paid,0,2020-12-09 07:25:57.612529
com.memrise.android.memrisecompanion,education|apps_topselling_free,239,2020-12-09 07:28:37.014856
com.memrise.android.memrisecompanion,education|apps_topgrossing,10,2020-12-09 07:28:43.0165
com.memrise.android.memrisecompanion,education|apps_movers_shakers,0,2020-12-09 07:28:44.075036
com.memrise.android.memrisecompanion,education|apps_topselling_paid,0,2020-12-09 07:28:44.990595
com.busuu.android.enc,education|apps_topselling_free,70,2020-12-09 07:31:42.817647
com.busuu.android.enc,education|apps_topgrossing,8,2020-12-09 07:31:46.62187
com.busuu.android.enc,education|apps_movers_shakers,0,2020-12-09 07:31:47.707773
com.busuu.android.enc,education|apps_topselling_paid,0,2020-12-09 07:31:48.701489
com.duolingo,education|apps_topselling_free,8,2020-12-09 07:41:11.394343
com.duolingo,education|apps_topgrossing,3,2020-12-09 07:41:14.693427
com.duolingo,education|apps_movers_shakers,0,2020-12-09 07:41:15.889516
com.duolingo,education|apps_topselling_paid,0,2020-12-09 07:41:16.700673
me.mycake,education|apps_topselling_free,3,2020-12-09 07:42:57.655104
me.mycake,education|apps_topgrossing,0,2020-12-09 07:43:00.928616
me.mycake,education|apps_movers_shakers,5,2020-12-09 07:43:02.004767
me.mycake,education|apps_topselling_paid,0,2020-12-09 07:43:02.96475
com.lingualeo.android,education|apps_topselling_free,39,2020-12-09 07:45:55.895192
com.lingualeo.android,education|apps_topgrossing,6,2020-12-09 07:45:59.314646
com.lingualeo.android,education|apps_movers_shakers,59,2020-12-09 07:46:00.470582
com.lingualeo.android,education|apps_topselling_paid,0,2020-12-09 07:46:01.433604
air.com.rosettastone.mobile.CoursePlayer,education|apps_topselling_free,213,2020-12-10 07:16:55.063571
air.com.rosettastone.mobile.CoursePlayer,education|apps_topgrossing,21,2020-12-10 07:16:58.512239
air.com.rosettastone.mobile.CoursePlayer,education|apps_movers_shakers,0,2020-12-10 07:16:59.654422
air.com.rosettastone.mobile.CoursePlayer,education|apps_topselling_paid,0,2020-12-10 07:17:00.619462
com.ewa.ewaapp,education|apps_topselling_free,8,2020-12-10 07:19:20.117424
com.ewa.ewaapp,education|apps_topgrossing,4,2020-12-10 07:19:23.710956
com.ewa.ewaapp,education|apps_movers_shakers,30,2020-12-10 07:19:24.84872
com.ewa.ewaapp,education|apps_topselling_paid,0,2020-12-10 07:19:25.777017
com.atistudios.mondly.languages,education|apps_topselling_free,242,2020-12-10 07:22:31.188432
com.atistudios.mondly.languages,education|apps_topgrossing,20,2020-12-10 07:22:34.948566
com.atistudios.mondly.languages,education|apps_movers_shakers,29,2020-12-10 07:22:36.11261
com.atistudios.mondly.languages,education|apps_topselling_paid,0,2020-12-10 07:22:37.046022
com.wlingua.curso,education|apps_topselling_free,0,2020-12-10 07:25:14.557022
com.wlingua.curso,education|apps_topgrossing,0,2020-12-10 07:25:17.939622
com.wlingua.curso,education|apps_movers_shakers,0,2020-12-10 07:25:19.028253
com.wlingua.curso,education|apps_topselling_paid,0,2020-12-10 07:25:19.975294
com.quizlet.quizletandroid,education|apps_topselling_free,48,2020-12-10 07:28:21.755385
com.quizlet.quizletandroid,education|apps_topgrossing,24,2020-12-10 07:28:25.114241
com.quizlet.quizletandroid,education|apps_movers_shakers,0,2020-12-10 07:28:26.251236
com.quizlet.quizletandroid,education|apps_topselling_paid,0,2020-12-10 07:28:27.137014
com.memrise.android.memrisecompanion,education|apps_topselling_free,247,2020-12-10 07:31:09.309407
com.memrise.android.memrisecompanion,education|apps_topgrossing,11,2020-12-10 07:31:12.621473
com.memrise.android.memrisecompanion,education|apps_movers_shakers,0,2020-12-10 07:31:13.785493
com.memrise.android.memrisecompanion,education|apps_topselling_paid,0,2020-12-10 07:31:14.62425
com.busuu.android.enc,education|apps_topselling_free,68,2020-12-10 07:34:12.979766
com.busuu.android.enc,education|apps_topgrossing,8,2020-12-10 07:34:16.458409
com.busuu.android.enc,education|apps_movers_shakers,0,2020-12-10 07:34:17.508082
com.busuu.android.enc,education|apps_topselling_paid,0,2020-12-10 07:34:18.404542
com.duolingo,education|apps_topselling_free,7,2020-12-10 07:43:45.051652
com.duolingo,education|apps_topgrossing,3,2020-12-10 07:43:49.331646
com.duolingo,education|apps_movers_shakers,0,2020-12-10 07:43:50.441535
com.duolingo,education|apps_topselling_paid,0,2020-12-10 07:43:51.331062
me.mycake,education|apps_topselling_free,4,2020-12-10 07:45:25.821402
me.mycake,education|apps_topgrossing,0,2020-12-10 07:45:29.083825
me.mycake,education|apps_movers_shakers,20,2020-12-10 07:45:30.195295
me.mycake,education|apps_topselling_paid,0,2020-12-10 07:45:31.067502
com.lingualeo.android,education|apps_topselling_free,40,2020-12-10 07:48:20.182736
com.lingualeo.android,education|apps_topgrossing,6,2020-12-10 07:48:23.466807
com.lingualeo.android,education|apps_movers_shakers,75,2020-12-10 07:48:24.649251
com.lingualeo.android,education|apps_topselling_paid,0,2020-12-10 07:48:25.513449
air.com.rosettastone.mobile.CoursePlayer,education|apps_topselling_free,224,2020-12-11 07:19:37.718013
air.com.rosettastone.mobile.CoursePlayer,education|apps_topgrossing,22,2020-12-11 07:19:41.693496
air.com.rosettastone.mobile.CoursePlayer,education|apps_movers_shakers,0,2020-12-11 07:19:42.857151
air.com.rosettastone.mobile.CoursePlayer,education|apps_topselling_paid,0,2020-12-11 07:19:43.717175
com.ewa.ewaapp,education|apps_topselling_free,9,2020-12-11 07:21:52.755259
com.ewa.ewaapp,education|apps_topgrossing,4,2020-12-11 07:21:56.16702
com.ewa.ewaapp,education|apps_movers_shakers,43,2020-12-11 07:21:57.276668
com.ewa.ewaapp,education|apps_topselling_paid,0,2020-12-11 07:21:58.195696
com.atistudios.mondly.languages,education|apps_topselling_free,195,2020-12-11 07:25:05.87167
com.atistudios.mondly.languages,education|apps_topgrossing,18,2020-12-11 07:25:09.128467
com.atistudios.mondly.languages,education|apps_movers_shakers,10,2020-12-11 07:25:10.174032
com.atistudios.mondly.languages,education|apps_topselling_paid,0,2020-12-11 07:25:11.067997
com.wlingua.curso,education|apps_topselling_free,0,2020-12-11 07:27:47.164994
com.wlingua.curso,education|apps_topgrossing,0,2020-12-11 07:27:50.456909
com.wlingua.curso,education|apps_movers_shakers,0,2020-12-11 07:27:51.562427
com.wlingua.curso,education|apps_topselling_paid,0,2020-12-11 07:27:52.471975
com.quizlet.quizletandroid,education|apps_topselling_free,46,2020-12-11 07:30:55.194919
com.quizlet.quizletandroid,education|apps_topgrossing,24,2020-12-11 07:30:58.504864
com.quizlet.quizletandroid,education|apps_movers_shakers,0,2020-12-11 07:30:59.630687
com.quizlet.quizletandroid,education|apps_topselling_paid,0,2020-12-11 07:31:00.508344
com.memrise.android.memrisecompanion,education|apps_topselling_free,243,2020-12-11 07:33:42.962118
com.memrise.android.memrisecompanion,education|apps_topgrossing,11,2020-12-11 07:33:46.22301
com.memrise.android.memrisecompanion,education|apps_movers_shakers,0,2020-12-11 07:33:47.250666
com.memrise.android.memrisecompanion,education|apps_topselling_paid,0,2020-12-11 07:33:48.162817
com.busuu.android.enc,education|apps_topselling_free,76,2020-12-11 07:36:46.480695
com.busuu.android.enc,education|apps_topgrossing,8,2020-12-11 07:36:49.745073
com.busuu.android.enc,education|apps_movers_shakers,0,2020-12-11 07:36:50.847615
com.busuu.android.enc,education|apps_topselling_paid,0,2020-12-11 07:36:51.805702
com.duolingo,education|apps_topselling_free,8,2020-12-11 07:46:22.700988
com.duolingo,education|apps_topgrossing,3,2020-12-11 07:46:25.893004
com.duolingo,education|apps_movers_shakers,0,2020-12-11 07:46:26.940332
com.duolingo,education|apps_topselling_paid,0,2020-12-11 07:46:27.819462
me.mycake,education|apps_topselling_free,5,2020-12-11 07:47:56.365107
me.mycake,education|apps_topgrossing,0,2020-12-11 07:47:59.679269
me.mycake,education|apps_movers_shakers,51,2020-12-11 07:48:00.862338
me.mycake,education|apps_topselling_paid,0,2020-12-11 07:48:01.702961
com.lingualeo.android,education|apps_topselling_free,40,2020-12-11 07:50:50.38143
com.lingualeo.android,education|apps_topgrossing,7,2020-12-11 07:50:53.648607
com.lingualeo.android,education|apps_movers_shakers,76,2020-12-11 07:50:54.740178
com.lingualeo.android,education|apps_topselling_paid,0,2020-12-11 07:50:55.547459
com.lingualeo.android,education|apps_topselling_free,24,2020-12-14 09:04:34.985215
com.lingualeo.android,education|apps_topgrossing,6,2020-12-14 09:04:38.57709
com.lingualeo.android,education|apps_movers_shakers,9,2020-12-14 09:04:40.197002
com.lingualeo.android,education|apps_topselling_paid,0,2020-12-14 09:04:40.690343
com.duolingo,education|apps_topselling_free,8,2020-12-14 09:08:11.449457
com.duolingo,education|apps_topgrossing,3,2020-12-14 09:08:15.468606
com.duolingo,education|apps_movers_shakers,0,2020-12-14 09:08:17.307316
com.duolingo,education|apps_topselling_paid,0,2020-12-14 09:08:18.338237
me.mycake,education|apps_topselling_free,3,2020-12-14 09:11:20.874322
me.mycake,education|apps_topgrossing,0,2020-12-14 09:11:24.510785
me.mycake,education|apps_movers_shakers,82,2020-12-14 09:11:26.059603
me.mycake,education|apps_topselling_paid,0,2020-12-14 09:11:26.418508
com.busuu.android.enc,education|apps_topselling_free,69,2020-12-14 09:14:32.29747
com.busuu.android.enc,education|apps_topgrossing,8,2020-12-14 09:14:35.892829
com.busuu.android.enc,education|apps_movers_shakers,0,2020-12-14 09:14:37.358452
com.busuu.android.enc,education|apps_topselling_paid,0,2020-12-14 09:14:37.740444
com.memrise.android.memrisecompanion,education|apps_topselling_free,243,2020-12-14 09:17:45.363967
com.memrise.android.memrisecompanion,education|apps_topgrossing,11,2020-12-14 09:17:49.042291
com.memrise.android.memrisecompanion,education|apps_movers_shakers,0,2020-12-14 09:17:50.632033
com.memrise.android.memrisecompanion,education|apps_topselling_paid,0,2020-12-14 09:17:51.02327
com.quizlet.quizletandroid,education|apps_topselling_free,65,2020-12-14 09:21:04.352995
com.quizlet.quizletandroid,education|apps_topgrossing,22,2020-12-14 09:21:07.907167
com.quizlet.quizletandroid,education|apps_movers_shakers,0,2020-12-14 09:21:09.523536
com.quizlet.quizletandroid,education|apps_topselling_paid,0,2020-12-14 09:21:09.995836
air.com.rosettastone.mobile.CoursePlayer,education|apps_topselling_free,232,2020-12-14 09:24:11.836559
air.com.rosettastone.mobile.CoursePlayer,education|apps_topgrossing,21,2020-12-14 09:24:15.415827
air.com.rosettastone.mobile.CoursePlayer,education|apps_movers_shakers,0,2020-12-14 09:24:16.928196
air.com.rosettastone.mobile.CoursePlayer,education|apps_topselling_paid,0,2020-12-14 09:24:17.426896
com.ewa.ewaapp,education|apps_topselling_free,9,2020-12-14 09:27:26.092904
com.ewa.ewaapp,education|apps_topgrossing,4,2020-12-14 09:27:29.593179
com.ewa.ewaapp,education|apps_movers_shakers,0,2020-12-14 09:27:31.238684
com.ewa.ewaapp,education|apps_topselling_paid,0,2020-12-14 09:27:31.695787
com.wlingua.curso,education|apps_topselling_free,0,2020-12-14 09:30:34.702702
com.wlingua.curso,education|apps_topgrossing,0,2020-12-14 09:30:38.302812
com.wlingua.curso,education|apps_movers_shakers,0,2020-12-14 09:30:40.091844
com.wlingua.curso,education|apps_topselling_paid,0,2020-12-14 09:30:40.469473
com.atistudios.mondly.languages,education|apps_topselling_free,168,2020-12-14 09:33:46.423821
com.atistudios.mondly.languages,education|apps_topgrossing,24,2020-12-14 09:33:50.052044
com.atistudios.mondly.languages,education|apps_movers_shakers,52,2020-12-14 09:33:51.667018
com.atistudios.mondly.languages,education|apps_topselling_paid,0,2020-12-14 09:33:52.195206
com.lingualeo.android,education|apps_topselling_free,23,2020-12-15 09:07:31.861079
com.lingualeo.android,education|apps_topgrossing,6,2020-12-15 09:07:36.068327
com.lingualeo.android,education|apps_movers_shakers,11,2020-12-15 09:07:37.364527
com.lingualeo.android,education|apps_topselling_paid,0,2020-12-15 09:07:37.770064
com.duolingo,education|apps_topselling_free,8,2020-12-15 09:10:53.323558
com.duolingo,education|apps_topgrossing,3,2020-12-15 09:10:56.916344
com.duolingo,education|apps_movers_shakers,0,2020-12-15 09:10:58.211662
com.duolingo,education|apps_topselling_paid,0,2020-12-15 09:10:58.705207
me.mycake,education|apps_topselling_free,3,2020-12-15 09:14:05.167341
me.mycake,education|apps_topgrossing,0,2020-12-15 09:14:09.238882
me.mycake,education|apps_movers_shakers,91,2020-12-15 09:14:10.395833
me.mycake,education|apps_topselling_paid,0,2020-12-15 09:14:10.891178
com.busuu.android.enc,education|apps_topselling_free,70,2020-12-15 09:17:14.808487
com.busuu.android.enc,education|apps_topgrossing,8,2020-12-15 09:17:18.611536
com.busuu.android.enc,education|apps_movers_shakers,0,2020-12-15 09:17:19.805177
com.busuu.android.enc,education|apps_topselling_paid,0,2020-12-15 09:17:20.163787
com.memrise.android.memrisecompanion,education|apps_topselling_free,238,2020-12-15 09:20:26.212831
com.memrise.android.memrisecompanion,education|apps_topgrossing,12,2020-12-15 09:20:29.897749
com.memrise.android.memrisecompanion,education|apps_movers_shakers,0,2020-12-15 09:20:31.04463
com.memrise.android.memrisecompanion,education|apps_topselling_paid,0,2020-12-15 09:20:31.615021
com.quizlet.quizletandroid,education|apps_topselling_free,57,2020-12-15 09:23:46.144577
com.quizlet.quizletandroid,education|apps_topgrossing,23,2020-12-15 09:23:49.700456
com.quizlet.quizletandroid,education|apps_movers_shakers,0,2020-12-15 09:23:50.980472
com.quizlet.quizletandroid,education|apps_topselling_paid,0,2020-12-15 09:23:51.414557
air.com.rosettastone.mobile.CoursePlayer,education|apps_topselling_free,223,2020-12-15 09:26:53.828192
air.com.rosettastone.mobile.CoursePlayer,education|apps_topgrossing,18,2020-12-15 09:26:57.557165
air.com.rosettastone.mobile.CoursePlayer,education|apps_movers_shakers,0,2020-12-15 09:26:58.817466
air.com.rosettastone.mobile.CoursePlayer,education|apps_topselling_paid,0,2020-12-15 09:26:59.207573
com.ewa.ewaapp,education|apps_topselling_free,11,2020-12-15 09:30:08.071586
com.ewa.ewaapp,education|apps_topgrossing,4,2020-12-15 09:30:11.585718
com.ewa.ewaapp,education|apps_movers_shakers,0,2020-12-15 09:30:12.838112
com.ewa.ewaapp,education|apps_topselling_paid,0,2020-12-15 09:30:13.253792
com.wlingua.curso,education|apps_topselling_free,0,2020-12-15 09:33:15.985897
com.wlingua.curso,education|apps_topgrossing,0,2020-12-15 09:33:19.875699
com.wlingua.curso,education|apps_movers_shakers,0,2020-12-15 09:33:21.03554
com.wlingua.curso,education|apps_topselling_paid,0,2020-12-15 09:33:21.418747
com.atistudios.mondly.languages,education|apps_topselling_free,170,2020-12-15 09:36:25.54137
com.atistudios.mondly.languages,education|apps_topgrossing,22,2020-12-15 09:36:29.448121
com.atistudios.mondly.languages,education|apps_movers_shakers,56,2020-12-15 09:36:30.577941
com.atistudios.mondly.languages,education|apps_topselling_paid,0,2020-12-15 09:36:30.946916
com.lingualeo.android,education|apps_topselling_free,25,2020-12-16 09:10:31.039759
com.lingualeo.android,education|apps_topgrossing,6,2020-12-16 09:10:34.506496
com.lingualeo.android,education|apps_movers_shakers,7,2020-12-16 09:10:35.530908
com.lingualeo.android,education|apps_topselling_paid,0,2020-12-16 09:10:35.924177
com.duolingo,education|apps_topselling_free,9,2020-12-16 09:13:42.972092
com.duolingo,education|apps_topgrossing,3,2020-12-16 09:13:52.736126
com.duolingo,education|apps_movers_shakers,0,2020-12-16 09:13:53.830447
com.duolingo,education|apps_topselling_paid,0,2020-12-16 09:13:54.21786
me.mycake,education|apps_topselling_free,3,2020-12-16 09:16:47.205063
me.mycake,education|apps_topgrossing,0,2020-12-16 09:16:50.712059
me.mycake,education|apps_movers_shakers,76,2020-12-16 09:16:51.821348
me.mycake,education|apps_topselling_paid,0,2020-12-16 09:16:53.353426
com.busuu.android.enc,education|apps_topselling_free,70,2020-12-16 09:20:01.340556
com.memrise.android.memrisecompanion,education|apps_topselling_free,222,2020-12-16 09:23:06.501782
com.quizlet.quizletandroid,education|apps_topselling_free,55,2020-12-16 09:26:33.010983
com.quizlet.quizletandroid,education|apps_topgrossing,20,2020-12-16 09:26:38.444531
com.quizlet.quizletandroid,education|apps_movers_shakers,0,2020-12-16 09:26:40.072639
com.quizlet.quizletandroid,education|apps_topselling_paid,0,2020-12-16 09:26:40.449592
air.com.rosettastone.mobile.CoursePlayer,education|apps_topselling_free,230,2020-12-16 09:29:28.958041
air.com.rosettastone.mobile.CoursePlayer,education|apps_topgrossing,18,2020-12-16 09:29:32.556232
air.com.rosettastone.mobile.CoursePlayer,education|apps_movers_shakers,0,2020-12-16 09:29:33.6944
air.com.rosettastone.mobile.CoursePlayer,education|apps_topselling_paid,0,2020-12-16 09:29:34.044368
com.ewa.ewaapp,education|apps_topselling_free,10,2020-12-16 09:32:44.45573
com.ewa.ewaapp,education|apps_topgrossing,4,2020-12-16 09:32:52.647828
com.ewa.ewaapp,education|apps_movers_shakers,0,2020-12-16 09:32:55.627853
com.ewa.ewaapp,education|apps_topselling_paid,0,2020-12-16 09:32:56.009743
com.wlingua.curso,education|apps_topselling_free,0,2020-12-16 09:36:07.524927
com.wlingua.curso,education|apps_topgrossing,0,2020-12-16 09:36:13.103904
com.wlingua.curso,education|apps_movers_shakers,0,2020-12-16 09:36:16.242123
com.wlingua.curso,education|apps_topselling_paid,0,2020-12-16 09:36:16.688598
com.atistudios.mondly.languages,education|apps_topselling_free,194,2020-12-16 09:39:20.06165
com.atistudios.mondly.languages,education|apps_topgrossing,22,2020-12-16 09:39:26.342396
com.atistudios.mondly.languages,education|apps_movers_shakers,57,2020-12-16 09:39:30.07887
com.atistudios.mondly.languages,education|apps_topselling_paid,0,2020-12-16 09:39:30.983706
com.lingualeo.android,education|apps_topselling_free,25,2020-12-17 09:13:14.944613
com.lingualeo.android,education|apps_topgrossing,6,2020-12-17 09:13:22.924789
com.lingualeo.android,education|apps_movers_shakers,8,2020-12-17 09:13:25.210115
com.lingualeo.android,education|apps_topselling_paid,0,2020-12-17 09:13:25.698994
com.duolingo,education|apps_topselling_free,8,2020-12-17 09:16:26.85703
com.duolingo,education|apps_topgrossing,3,2020-12-17 09:16:30.489113
com.duolingo,education|apps_movers_shakers,0,2020-12-17 09:16:32.070776
com.duolingo,education|apps_topselling_paid,0,2020-12-17 09:16:32.557092
me.mycake,education|apps_topselling_free,3,2020-12-17 09:19:28.087831
me.mycake,education|apps_topgrossing,0,2020-12-17 09:19:31.852434
me.mycake,education|apps_movers_shakers,110,2020-12-17 09:19:33.869734
me.mycake,education|apps_topselling_paid,0,2020-12-17 09:19:34.388989
com.quizlet.quizletandroid,education|apps_topselling_free,54,2020-12-17 09:29:27.337426
com.quizlet.quizletandroid,education|apps_topgrossing,16,2020-12-17 09:29:33.35044
com.quizlet.quizletandroid,education|apps_movers_shakers,0,2020-12-17 09:29:36.003001
com.quizlet.quizletandroid,education|apps_topselling_paid,0,2020-12-17 09:29:36.421446
air.com.rosettastone.mobile.CoursePlayer,education|apps_topselling_free,241,2020-12-17 09:32:02.242142
air.com.rosettastone.mobile.CoursePlayer,education|apps_topgrossing,17,2020-12-17 09:32:09.348199
air.com.rosettastone.mobile.CoursePlayer,education|apps_movers_shakers,0,2020-12-17 09:32:11.41802
air.com.rosettastone.mobile.CoursePlayer,education|apps_topselling_paid,0,2020-12-17 09:32:11.808386
com.ewa.ewaapp,education|apps_topselling_free,15,2020-12-17 09:35:29.552795
com.ewa.ewaapp,education|apps_topgrossing,4,2020-12-17 09:35:36.219981
com.ewa.ewaapp,education|apps_movers_shakers,0,2020-12-17 09:35:37.921536
com.ewa.ewaapp,education|apps_topselling_paid,0,2020-12-17 09:35:38.3086
com.wlingua.curso,education|apps_topselling_free,0,2020-12-17 09:38:54.180877
com.wlingua.curso,education|apps_topgrossing,0,2020-12-17 09:38:59.180841
com.wlingua.curso,education|apps_movers_shakers,0,2020-12-17 09:39:01.176776
com.wlingua.curso,education|apps_topselling_paid,0,2020-12-17 09:39:01.542144
com.atistudios.mondly.languages,education|apps_topselling_free,164,2020-12-17 09:42:09.333901
com.atistudios.mondly.languages,education|apps_topgrossing,21,2020-12-17 09:42:13.133838
com.atistudios.mondly.languages,education|apps_movers_shakers,70,2020-12-17 09:42:14.627841
com.atistudios.mondly.languages,education|apps_topselling_paid,0,2020-12-17 09:42:14.97455
